Net Asset Value,Repurchase Price,Sale Price,NAV date
54.7321,54.1848,54.7321,01-Apr-13
55.3911,54.8372,55.3911,02-Apr-13
55.1696,54.6179,55.1696,03-Apr-13
54.5162,53.971,54.5162,04-Apr-13
54.3653,53.8216,54.3653,05-Apr-13
54.4256,53.8813,54.4256,08-Apr-13
54.1392,53.5978,54.1392,09-Apr-13
54.2847,53.7419,54.2847,10-Apr-13
54.3309,53.7876,54.3309,11-Apr-13
53.8152,53.277,53.8152,12-Apr-13
53.8915,53.3526,53.8915,15-Apr-13
54.3142,53.7711,54.3142,16-Apr-13
54.5375,53.9921,54.5375,17-Apr-13
54.9817,54.4319,54.9817,18-Apr-13
55.6305,55.0742,55.6305,22-Apr-13
55.7474,55.1899,55.7474,23-Apr-13
56.0627,55.5021,56.0627,25-Apr-13
55.8404,55.282,55.8404,26-Apr-13
56.2166,55.6544,56.2166,29-Apr-13
56.1371,55.5757,56.1371,30-Apr-13
56.5691,56.0034,56.5691,02-May-13
56.5293,55.964,56.5293,03-May-13
56.937,56.3676,56.937,06-May-13
57.1836,56.6118,57.1836,07-May-13
57.3989,56.8249,57.3989,08-May-13
57.3881,56.8142,57.3881,09-May-13
57.4154,56.8412,57.4154,10-May-13
57.2633,56.6907,57.2633,13-May-13
57.4899,56.915,57.4899,14-May-13
58.1229,57.5417,58.1229,15-May-13
58.4439,57.8595,58.4439,16-May-13
58.6498,58.0633,58.6498,17-May-13
58.736,58.1486,58.736,20-May-13
58.5125,57.9274,58.5125,21-May-13
58.3733,57.7896,58.3733,22-May-13
57.5376,56.9622,57.5376,23-May-13
57.8964,57.3174,57.8964,24-May-13
58.244,57.6616,58.244,27-May-13
58.5912,58.0053,58.5912,28-May-13
58.4949,57.91,58.4949,29-May-13
58.4643,57.8797,58.4643,30-May-13
57.781,57.2032,57.781,31-May-13
57.7364,57.159,57.7364,03-Jun-13
57.5953,57.0193,57.5953,04-Jun-13
57.6619,57.0853,57.6619,05-Jun-13
57.5569,56.9813,57.5569,06-Jun-13
57.2923,56.7194,57.2923,07-Jun-13
57.2399,56.6675,57.2399,10-Jun-13
56.4793,55.9145,56.4793,11-Jun-13
56.1881,55.6262,56.1881,12-Jun-13
55.9438,55.3844,55.9438,13-Jun-13
56.404,55.84,56.404,14-Jun-13
56.6215,56.0553,56.6215,17-Jun-13
56.3387,55.7753,56.3387,18-Jun-13
56.537,55.9716,56.537,19-Jun-13
55.7097,55.1526,55.7097,20-Jun-13
55.641,55.0846,55.641,21-Jun-13
54.9463,54.3968,54.9463,24-Jun-13
55.0813,54.5305,55.0813,25-Jun-13
54.8711,54.3224,54.8711,26-Jun-13
55.0999,54.5489,55.0999,27-Jun-13
55.9522,55.3927,55.9522,28-Jun-13
56.6799,56.1131,56.6799,01-Jul-13
56.4679,55.9032,56.4679,02-Jul-13
56.0104,55.4503,56.0104,03-Jul-13
56.3454,55.7819,56.3454,04-Jul-13
56.5268,55.9615,56.5268,05-Jul-13
56.4363,55.8719,56.4363,08-Jul-13
56.6907,56.1238,56.6907,09-Jul-13
56.5722,56.0065,56.5722,10-Jul-13
57.1607,56.5891,57.1607,11-Jul-13
57.4359,56.8615,57.4359,12-Jul-13
57.8425,57.2641,57.8425,15-Jul-13
57.2113,56.6392,57.2113,16-Jul-13
57.043,56.4726,57.043,17-Jul-13
57.5032,56.9282,57.5032,18-Jul-13
57.4403,56.8659,57.4403,19-Jul-13
57.2734,56.7007,57.2734,22-Jul-13
57.5332,56.9579,57.5332,23-Jul-13
56.7422,56.1748,56.7422,24-Jul-13
56.3796,55.8158,56.3796,25-Jul-13
56.2803,55.7175,56.2803,26-Jul-13
56.096,55.535,56.096,29-Jul-13
55.4484,54.8939,55.4484,30-Jul-13
55.3109,54.7578,55.3109,31-Jul-13
55.1258,54.5745,55.1258,01-Aug-13
54.8873,54.3384,54.8873,02-Aug-13
55.0079,54.4578,55.0079,05-Aug-13
54.2827,53.7399,54.2827,06-Aug-13
54.3775,53.8337,54.3775,07-Aug-13
54.7075,54.1604,54.7075,08-Aug-13
54.7909,54.243,54.7909,12-Aug-13
55.0244,54.4742,55.0244,13-Aug-13
55.4201,54.8659,55.4201,14-Aug-13
54.1159,53.5747,54.1159,16-Aug-13
53.2541,52.7216,53.2541,19-Aug-13
53.3188,52.7856,53.3188,20-Aug-13
53.2336,52.7013,53.2336,21-Aug-13
53.6624,53.1258,53.6624,22-Aug-13
54.0116,53.4715,54.0116,23-Aug-13
54.1249,53.5837,54.1249,26-Aug-13
53.0068,52.4767,53.0068,27-Aug-13
52.7274,52.2001,52.7274,28-Aug-13
53.3904,52.8565,53.3904,29-Aug-13
53.514,52.9789,53.514,30-Aug-13
53.8974,53.3584,53.8974,02-Sep-13
53.1623,52.6307,53.1623,03-Sep-13
53.5215,52.9863,53.5215,04-Sep-13
54.4825,53.9377,54.4825,05-Sep-13
54.7441,54.1967,54.7441,06-Sep-13
55.5722,55.0165,55.5722,10-Sep-13
55.8307,55.2724,55.8307,11-Sep-13
55.7166,55.1594,55.7166,12-Sep-13
55.748,55.1905,55.748,13-Sep-13
55.8124,55.2543,55.8124,16-Sep-13
55.8781,55.3193,55.8781,17-Sep-13
56.1166,55.5554,56.1166,18-Sep-13
57.1717,56.6,57.1717,19-Sep-13
56.612,56.0459,56.612,20-Sep-13
56.0762,55.5154,56.0762,23-Sep-13
55.9489,55.3894,55.9489,24-Sep-13
55.9466,55.3871,55.9466,25-Sep-13
56.0419,55.4815,56.0419,26-Sep-13
55.8639,55.3053,55.8639,27-Sep-13
55.5016,54.9466,55.5016,30-Sep-13
55.8406,55.2822,55.8406,01-Oct-13
56.4475,55.883,56.4475,03-Oct-13
56.5983,56.0323,56.5983,04-Oct-13
56.7025,56.1355,56.7025,07-Oct-13
56.9375,56.3681,56.9375,08-Oct-13
57.4156,56.8414,57.4156,09-Oct-13
57.5461,56.9706,57.5461,10-Oct-13
57.8738,57.2951,57.8738,11-Oct-13
57.7966,57.2186,57.7966,14-Oct-13
57.3727,56.799,57.3727,15-Oct-13
57.3104,56.7373,57.3104,17-Oct-13
57.868,57.2893,57.868,18-Oct-13
58.0715,57.4908,58.0715,21-Oct-13
58.4011,57.8171,58.4011,22-Oct-13
58.3741,57.7904,58.3741,23-Oct-13
58.4435,57.8591,58.4435,24-Oct-13
58.4534,57.8689,58.4534,25-Oct-13
58.3658,57.7821,58.3658,28-Oct-13
59.1453,58.5538,59.1453,29-Oct-13
59.2776,58.6848,59.2776,30-Oct-13
59.4078,58.8137,59.4078,31-Oct-13
59.6113,59.0152,59.6113,01-Nov-13
60.0357,59.4353,60.0357,05-Nov-13
60.2062,59.6041,60.2062,06-Nov-13
59.808,59.2099,59.808,07-Nov-13
59.9159,59.3167,59.9159,08-Nov-13
59.7335,59.1362,59.7335,11-Nov-13
59.2777,58.6849,59.2777,12-Nov-13
59.0981,58.5071,59.0981,13-Nov-13
59.4101,58.816,59.4101,14-Nov-13
59.9854,59.3855,59.9854,18-Nov-13
60.4224,59.8182,60.4224,19-Nov-13
60.2765,59.6737,60.2765,20-Nov-13
59.8858,59.2869,59.8858,21-Nov-13
59.8162,59.218,59.8162,22-Nov-13
60.3512,59.7477,60.3512,25-Nov-13
60.0443,59.4439,60.0443,26-Nov-13
60.1615,59.5599,60.1615,27-Nov-13
60.5855,59.9796,60.5855,28-Nov-13
61.0712,60.4605,61.0712,29-Nov-13
61.7071,61.09,61.7071,02-Dec-13
61.7611,61.1435,61.7611,03-Dec-13
61.8397,61.2213,61.8397,04-Dec-13
62.1103,61.4892,62.1103,05-Dec-13
62.3036,61.6806,62.3036,06-Dec-13
62.3514,61.7279,62.3514,09-Dec-13
62.0639,61.4433,62.0639,10-Dec-13
62.1488,61.5273,62.1488,11-Dec-13
62.0892,61.4683,62.0892,12-Dec-13
61.7455,61.128,61.7455,13-Dec-13
61.8753,61.2565,61.8753,16-Dec-13
61.7382,61.1208,61.7382,17-Dec-13
62.0243,61.4041,62.0243,18-Dec-13
61.8554,61.2368,61.8554,19-Dec-13
62.2857,61.6628,62.2857,20-Dec-13
62.5881,61.9622,62.5881,23-Dec-13
62.6669,62.0402,62.6669,24-Dec-13
62.9072,62.2781,62.9072,26-Dec-13
63.0381,62.4077,63.0381,27-Dec-13
63.3128,62.6797,63.3128,30-Dec-13
63.4142,62.7801,63.4142,31-Dec-13
63.4633,62.8287,63.4633,01-Jan-14
62.9031,62.2741,62.9031,02-Jan-14
62.909,62.2799,62.909,03-Jan-14
62.7986,62.1706,62.7986,06-Jan-14
62.7113,62.0842,62.7113,07-Jan-14
62.9154,62.2862,62.9154,08-Jan-14
62.742,62.1146,62.742,09-Jan-14
62.7969,62.1689,62.7969,10-Jan-14
63.0626,62.432,63.0626,13-Jan-14
62.9977,62.3677,62.9977,14-Jan-14
63.138,62.5066,63.138,15-Jan-14
63.1037,62.4727,63.1037,16-Jan-14
62.6485,62.022,62.6485,17-Jan-14
62.8605,62.2319,62.8605,20-Jan-14
63.0534,62.4229,63.0534,21-Jan-14
63.1716,62.5399,63.1716,22-Jan-14
63.4768,62.842,63.4768,23-Jan-14
63.0616,62.431,63.0616,24-Jan-14
62.3436,61.7202,62.3436,27-Jan-14
62.1586,61.537,62.1586,28-Jan-14
61.956,61.3364,61.956,29-Jan-14
61.5431,60.9277,61.5431,30-Jan-14
61.8617,61.2431,61.8617,31-Jan-14
61.6899,61.073,61.6899,03-Feb-14
61.7067,61.0896,61.7067,04-Feb-14
61.7076,61.0905,61.7076,05-Feb-14
61.6185,61.0023,61.6185,06-Feb-14
61.5057,60.8906,61.5057,07-Feb-14
61.4847,60.8699,61.4847,10-Feb-14
61.5196,60.9044,61.5196,11-Feb-14
61.6049,60.9889,61.6049,12-Feb-14
61.2875,60.6746,61.2875,13-Feb-14
61.3853,60.7714,61.3853,14-Feb-14
61.3955,60.7815,61.3955,17-Feb-14
61.7392,61.1218,61.7392,18-Feb-14
61.9626,61.343,61.9626,19-Feb-14
62.1478,61.5263,62.1478,20-Feb-14
62.318,61.6948,62.318,21-Feb-14
62.4862,61.8613,62.4862,24-Feb-14
62.6315,62.0052,62.6315,25-Feb-14
62.6706,62.0439,62.6706,26-Feb-14
62.7357,62.1083,62.7357,28-Feb-14
62.5247,61.8995,62.5247,03-Mar-14
63.0784,62.4476,63.0784,04-Mar-14
63.3928,62.7589,63.3928,05-Mar-14
63.6905,63.0536,63.6905,06-Mar-14
63.9731,63.3334,63.9731,07-Mar-14
64.3101,63.667,64.3101,10-Mar-14
64.364,63.7204,64.364,11-Mar-14
64.6255,63.9792,64.6255,12-Mar-14
64.4049,63.7609,64.4049,13-Mar-14
64.2696,63.6269,64.2696,14-Mar-14
64.6613,64.0147,64.6613,18-Mar-14
64.907,64.2579,64.907,19-Mar-14
64.9249,64.2757,64.9249,20-Mar-14
65.2155,64.5633,65.2155,21-Mar-14
65.5687,64.913,65.5687,24-Mar-14
65.7921,65.1342,65.7921,25-Mar-14
65.5646,64.909,65.5646,26-Mar-14
65.7637,65.1061,65.7637,27-Mar-14
66.0448,65.3844,66.0448,28-Mar-14
66.5732,65.9075,66.5732,31-Mar-14
66.6349,65.9686,66.6349,01-Apr-14
67.0438,66.3734,67.0438,02-Apr-14
67.0662,66.3955,67.0662,03-Apr-14
66.9493,66.2798,66.9493,04-Apr-14
66.8209,66.1527,66.8209,07-Apr-14
67.6075,66.9314,67.6075,09-Apr-14
67.5274,66.8521,67.5274,10-Apr-14
67.5707,66.895,67.5707,11-Apr-14
67.7128,67.0357,67.7128,15-Apr-14
67.8683,67.1896,67.8683,16-Apr-14
68.2705,67.5878,68.2705,17-Apr-14
68.4263,67.742,68.4263,21-Apr-14
68.4975,67.8125,68.4975,22-Apr-14
68.6927,68.0058,68.6927,23-Apr-14
68.3719,67.6882,68.3719,25-Apr-14
68.5335,67.8482,68.5335,28-Apr-14
68.4194,67.7352,68.4194,29-Apr-14
68.3391,67.6557,68.3391,30-Apr-14
68.3973,67.7133,68.3973,02-May-14
68.2838,67.601,68.2838,05-May-14
68.4615,67.7769,68.4615,06-May-14
68.4696,67.7849,68.4696,07-May-14
68.5032,67.8182,68.5032,08-May-14
69.282,68.5892,69.282,09-May-14
69.7017,69.0047,69.7017,12-May-14
70.0849,69.3841,70.0849,13-May-14
69.8692,69.1705,69.8692,14-May-14
69.6034,68.9074,69.6034,15-May-14
70.0803,69.3795,70.0803,16-May-14
70.6357,69.9293,70.6357,19-May-14
71.3219,70.6087,71.3219,20-May-14
71.6785,70.9617,71.6785,21-May-14
72.2741,71.5514,72.2741,22-May-14
72.9155,72.1863,72.9155,23-May-14
72.3526,71.6291,72.3526,26-May-14
72.5576,71.832,72.5576,27-May-14
72.7303,72.003,72.7303,28-May-14
72.4056,71.6815,72.4056,29-May-14
72.2922,71.5693,72.2922,30-May-14
73.0927,72.3618,73.0927,02-Jun-14
73.6785,72.9417,73.6785,03-Jun-14
73.8667,73.128,73.8667,04-Jun-14
74.1837,73.4419,74.1837,05-Jun-14
75.1813,74.4295,75.1813,06-Jun-14
75.3774,74.6236,75.3774,09-Jun-14
75.1889,74.437,75.1889,10-Jun-14
75.0297,74.2794,75.0297,11-Jun-14
75.4848,74.73,75.4848,12-Jun-14
74.6164,73.8702,74.6164,13-Jun-14
74.6425,73.8961,74.6425,16-Jun-14
75.5826,74.8268,75.5826,17-Jun-14
75.5896,74.8337,75.5896,18-Jun-14
75.2101,74.458,75.2101,19-Jun-14
75.1238,74.3726,75.1238,20-Jun-14
75.2868,74.5339,75.2868,23-Jun-14
75.7857,75.0278,75.7857,24-Jun-14
75.9841,75.2243,75.9841,25-Jun-14
75.6521,74.8956,75.6521,26-Jun-14
75.9225,75.1633,75.9225,27-Jun-14
77.2833,76.5105,77.2833,30-Jun-14
77.5164,76.7412,77.5164,01-Jul-14
78.6543,77.8678,78.6543,02-Jul-14
78.8352,78.0468,78.8352,03-Jul-14
79.1765,78.3847,79.1765,04-Jul-14
79.1004,78.3094,79.1004,07-Jul-14
77.8853,77.1064,77.8853,08-Jul-14
77.5447,76.7693,77.5447,09-Jul-14
77.8618,77.0832,77.8618,10-Jul-14
76.9386,76.1692,76.9386,11-Jul-14
76.8028,76.0348,76.8028,14-Jul-14
77.8269,77.0486,77.8269,15-Jul-14
78.7498,77.9623,78.7498,16-Jul-14
79.1785,78.3867,79.1785,17-Jul-14
79.0753,78.2845,79.0753,18-Jul-14
79.5369,78.7415,79.5369,21-Jul-14
79.9483,79.1488,79.9483,22-Jul-14
80.2165,79.4143,80.2165,23-Jul-14
80.3363,79.5329,80.3363,24-Jul-14
79.7034,78.9064,79.7034,25-Jul-14
79.2191,78.4269,79.2191,28-Jul-14
79.1287,78.3374,79.1287,30-Jul-14
79.1303,78.339,79.1303,31-Jul-14
78.4921,77.7072,78.4921,01-Aug-14
79.1018,78.3108,79.1018,04-Aug-14
79.3897,78.5958,79.3897,05-Aug-14
78.7247,77.5438,78.7247,06-Aug-14
78.5836,77.4048,78.5836,07-Aug-14
77.8863,76.718,77.8863,08-Aug-14
78.2474,77.0737,78.2474,11-Aug-14
79.0469,77.8612,79.0469,12-Aug-14
78.8851,77.7018,78.8851,13-Aug-14
79.5802,78.3865,79.5802,14-Aug-14
80.6096,79.4005,80.6096,18-Aug-14
80.9136,79.6999,80.9136,19-Aug-14
81.3736,80.153,81.3736,20-Aug-14
81.9518,80.7225,81.9518,21-Aug-14
82.0798,80.8486,82.0798,22-Aug-14
81.5971,80.3731,81.5971,25-Aug-14
81.4723,80.2502,81.4723,26-Aug-14
82.0456,80.8149,82.0456,27-Aug-14
82.3132,81.0785,82.3132,28-Aug-14
82.7645,81.523,82.7645,01-Sep-14
83.3613,82.1109,83.3613,02-Sep-14
83.7956,82.5387,83.7956,03-Sep-14
83.7203,82.4645,83.7203,04-Sep-14
83.7298,82.4739,83.7298,05-Sep-14
84.0601,82.7992,84.0601,08-Sep-14
84.1404,82.8783,84.1404,09-Sep-14
84.2071,82.944,84.2071,10-Sep-14
84.9682,83.6937,84.9682,11-Sep-14
85.7053,84.4197,85.7053,12-Sep-14
85.7799,84.4932,85.7799,15-Sep-14
83.983,82.7233,83.983,16-Sep-14
83.9242,82.6653,83.9242,17-Sep-14
85.0543,83.7785,85.0543,18-Sep-14
85.1211,83.8443,85.1211,19-Sep-14
85.2306,83.9521,85.2306,22-Sep-14
84.1034,82.8418,84.1034,23-Sep-14
83.768,82.5115,83.768,24-Sep-14
82.9014,81.6579,82.9014,25-Sep-14
83.5751,82.3215,83.5751,26-Sep-14
84.0744,82.8133,84.0744,29-Sep-14
84.3634,83.0979,84.3634,30-Sep-14
84.4678,83.2008,84.4678,01-Oct-14
83.5446,82.2914,83.5446,07-Oct-14
83.4805,82.2283,83.4805,08-Oct-14
84.0682,82.8072,84.0682,09-Oct-14
83.4166,82.1654,83.4166,10-Oct-14
83.6883,82.433,83.6883,13-Oct-14
83.776,82.5194,83.776,14-Oct-14
82.7563,81.515,82.7563,16-Oct-14
82.7839,81.5421,82.7839,17-Oct-14
83.3791,82.1284,83.3791,20-Oct-14
83.7686,82.5121,83.7686,21-Oct-14
84.4388,83.1722,84.4388,22-Oct-14
85.0847,83.8084,85.0847,27-Oct-14
85.3404,84.0603,85.3404,28-Oct-14
85.7063,84.4207,85.7063,29-Oct-14
86.0191,84.7288,86.0191,30-Oct-14
86.7221,85.4213,86.7221,31-Oct-14
86.7443,85.4431,86.7443,03-Nov-14
87.048,85.7423,87.048,05-Nov-14
87.3349,86.0249,87.3349,07-Nov-14
87.5169,86.2041,87.5169,10-Nov-14
87.6835,86.3682,87.6835,11-Nov-14
87.9602,86.6408,87.9602,12-Nov-14
87.7568,86.4404,87.7568,13-Nov-14
88.172,86.8494,88.172,14-Nov-14
88.7991,87.4671,88.7991,17-Nov-14
88.9263,87.5924,88.9263,18-Nov-14
88.9432,87.6091,88.9432,19-Nov-14
89.2254,87.887,89.2254,20-Nov-14
89.2977,87.9582,89.2977,21-Nov-14
89.6302,88.2857,89.6302,24-Nov-14
88.8246,87.4922,88.8246,25-Nov-14
89.1092,87.7726,89.1092,26-Nov-14
89.1984,87.8604,89.1984,27-Nov-14
89.8916,88.5432,89.8916,28-Nov-14
89.7638,88.4173,89.7638,01-Dec-14
90.0587,88.7078,90.0587,02-Dec-14
90.6364,89.2769,90.6364,03-Dec-14
91.0428,89.6772,91.0428,04-Dec-14
90.8837,89.5204,90.8837,05-Dec-14
90.341,88.9859,90.341,08-Dec-14
89.4461,88.1044,89.4461,09-Dec-14
89.9999,88.6499,89.9999,10-Dec-14
90.1081,88.7565,90.1081,11-Dec-14
89.7606,88.4142,89.7606,12-Dec-14
89.6243,88.2799,89.6243,15-Dec-14
87.9952,86.6753,87.9952,16-Dec-14
87.7527,86.4364,87.7527,17-Dec-14
88.9429,87.6088,88.9429,18-Dec-14
89.3405,88.0004,89.3405,19-Dec-14
89.8668,88.5188,89.8668,22-Dec-14
89.8157,88.4685,89.8157,23-Dec-14
89.5488,88.2056,89.5488,24-Dec-14
89.6906,88.3452,89.6906,26-Dec-14
90.512,89.1543,90.512,29-Dec-14
91.0478,89.6821,91.0478,30-Dec-14
91.3858,90.015,91.3858,31-Dec-14
92.0812,90.7,92.0812,01-Jan-15
92.4424,91.0558,92.4424,02-Jan-15
92.3709,90.9853,92.3709,05-Jan-15
90.6575,89.2976,90.6575,06-Jan-15
90.5723,89.2137,90.5723,07-Jan-15
91.9306,90.5516,91.9306,08-Jan-15
92.3888,91.003,92.3888,09-Jan-15
92.8607,91.4678,92.8607,12-Jan-15
92.8329,91.4404,92.8329,13-Jan-15
92.9078,91.5142,92.9078,14-Jan-15
93.6832,92.278,93.6832,15-Jan-15
94.1089,92.6973,94.1089,16-Jan-15
94.7728,93.3512,94.7728,19-Jan-15
95.3673,93.9368,95.3673,20-Jan-15
95.5754,94.1418,95.5754,21-Jan-15
95.7773,94.3406,95.7773,22-Jan-15
96.022,94.5817,96.022,23-Jan-15
97.3325,95.8725,97.3325,27-Jan-15
97.2544,95.7956,97.2544,28-Jan-15
97.752,96.2857,97.752,29-Jan-15
97.2507,95.7919,97.2507,30-Jan-15
97.4378,95.9762,97.4378,02-Feb-15
96.6909,95.2405,96.6909,03-Feb-15
96.0797,94.6385,96.0797,04-Feb-15
95.6594,94.2245,95.6594,05-Feb-15
94.5916,93.1727,94.5916,06-Feb-15
93.6198,92.2155,93.6198,09-Feb-15
94.0646,92.6536,94.0646,10-Feb-15
94.9231,93.4993,94.9231,11-Feb-15
95.4634,94.0314,95.4634,12-Feb-15
96.1053,94.6637,96.1053,13-Feb-15
96.5225,95.0747,96.5225,16-Feb-15
97.3164,95.8567,97.3164,18-Feb-15
97.401,95.94,97.401,19-Feb-15
97.0993,95.6428,97.0993,20-Feb-15
96.2747,94.8306,96.2747,23-Feb-15
96.1899,94.7471,96.1899,24-Feb-15
95.9487,94.5095,95.9487,25-Feb-15
95.4007,93.9697,95.4007,26-Feb-15
96.3244,94.8795,96.3244,27-Feb-15
97.4833,96.0211,97.4833,02-Mar-15
98.1454,96.6732,98.1454,03-Mar-15
97.9847,96.5149,97.9847,04-Mar-15
98.2169,96.7436,98.2169,05-Mar-15
97.4146,95.9534,97.4146,09-Mar-15
97.198,95.74,97.198,10-Mar-15
97.0158,95.5606,97.0158,11-Mar-15
97.4109,95.9497,97.4109,12-Mar-15
96.3623,94.9169,96.3623,13-Mar-15
96.4094,94.9633,96.4094,16-Mar-15
96.6877,95.2374,96.6877,17-Mar-15
96.7237,95.2728,96.7237,18-Mar-15
96.501,95.0535,96.501,19-Mar-15
96.1073,94.6657,96.1073,20-Mar-15
95.4807,94.0485,95.4807,23-Mar-15
95.5224,94.0896,95.5224,24-Mar-15
95.292,93.8626,95.292,25-Mar-15
94.4765,93.0594,94.4765,26-Mar-15
94.6162,93.197,94.6162,27-Mar-15
96.0059,94.5658,96.0059,30-Mar-15
96.2121,94.7689,96.2121,31-Mar-15
97.1905,95.7326,97.1905,01-Apr-15
97.8598,96.3919,97.8598,06-Apr-15
97.998,96.528,97.998,07-Apr-15
98.8815,97.3983,98.8815,08-Apr-15
99.0904,97.604,99.0904,09-Apr-15
99.1416,97.6545,99.1416,10-Apr-15
99.614,98.1198,99.614,13-Apr-15
99.0072,97.5221,99.0072,15-Apr-15
98.7912,97.3093,98.7912,16-Apr-15
98.0724,96.6013,98.0724,17-Apr-15
96.8179,95.3656,96.8179,20-Apr-15
96.6141,95.1649,96.6141,21-Apr-15
96.6623,95.2124,96.6623,22-Apr-15
96.6943,95.2439,96.6943,23-Apr-15
95.5106,94.0779,95.5106,24-Apr-15
94.4634,93.0464,94.4634,27-Apr-15
95.1003,93.6738,95.1003,28-Apr-15
95.4743,94.0422,95.4743,29-Apr-15
95.5106,94.0779,95.5106,30-Apr-15
96.4347,94.9882,96.4347,04-May-15
96.6449,95.1952,96.6449,05-May-15
94.9108,93.4871,94.9108,06-May-15
94.1795,92.7668,94.1795,07-May-15
95.0309,93.6054,95.0309,08-May-15
95.9092,94.4706,95.9092,11-May-15
94.7559,93.3346,94.7559,12-May-15
95.681,94.2458,95.681,13-May-15
95.9053,94.4667,95.9053,14-May-15
96.5414,95.0933,96.5414,15-May-15
96.936,95.9666,96.936,18-May-15
96.8947,95.9258,96.8947,19-May-15
97.2242,96.252,97.2242,20-May-15
97.2732,96.3005,97.2732,21-May-15
97.5784,96.6026,97.5784,22-May-15
97.0334,96.0631,97.0334,25-May-15
96.9293,95.96,96.9293,26-May-15
96.3606,95.397,96.3606,27-May-15
96.0794,95.1186,96.0794,28-May-15
96.7984,95.8304,96.7984,29-May-15
96.3751,95.4113,96.3751,01-Jun-15
94.9571,94.0075,94.9571,02-Jun-15
94.0325,93.0922,94.0325,03-Jun-15
93.925,92.9858,93.925,04-Jun-15
94.2261,93.2838,94.2261,05-Jun-15
93.6238,92.6876,93.6238,08-Jun-15
93.4628,92.5282,93.4628,09-Jun-15
94.184,93.2422,94.184,10-Jun-15
93.2944,92.3615,93.2944,11-Jun-15
93.2337,92.3014,93.2337,12-Jun-15
93.7386,92.8012,93.7386,15-Jun-15
93.8224,92.8842,93.8224,16-Jun-15
94.2465,93.304,94.2465,17-Jun-15
95.1366,94.1852,95.1366,18-Jun-15
95.1142,94.1631,95.1142,19-Jun-15
95.8402,94.8818,95.8402,22-Jun-15
96.1317,95.1704,96.1317,23-Jun-15
96.1973,95.2353,96.1973,24-Jun-15
96.2334,95.2711,96.2334,25-Jun-15
96.2298,95.2675,96.2298,26-Jun-15
95.5083,94.5532,95.5083,29-Jun-15
96.2808,95.318,96.2808,30-Jun-15
97.0381,96.0677,97.0381,01-Jul-15
97.1618,96.1902,97.1618,02-Jul-15
97.3673,96.3936,97.3673,03-Jul-15
97.8853,96.9064,97.8853,06-Jul-15
98.0498,97.0693,98.0498,07-Jul-15
97.314,96.3409,97.314,08-Jul-15
97.2299,96.2576,97.2299,09-Jul-15
97.5459,96.5704,97.5459,10-Jul-15
98.0092,97.0291,98.0092,13-Jul-15
97.9644,96.9848,97.9644,14-Jul-15
98.2593,97.2767,98.2593,15-Jul-15
98.8841,97.8953,98.8841,16-Jul-15
98.9002,97.9112,98.9002,17-Jul-15
99.0231,98.0329,99.0231,20-Jul-15
97.9003,96.9213,97.9003,21-Jul-15
98.3165,97.3333,98.3165,22-Jul-15
98.3115,97.3284,98.3115,23-Jul-15
98.086,97.1051,98.086,24-Jul-15
97.1852,96.2133,97.1852,27-Jul-15
97.3712,96.3975,97.3712,28-Jul-15
97.8324,96.8541,97.8324,29-Jul-15
98.0888,97.1079,98.0888,30-Jul-15
99.1279,98.1366,99.1279,31-Jul-15
99.2506,98.2581,99.2506,03-Aug-15
99.8263,98.828,99.8263,04-Aug-15
100.543,99.5376,100.543,05-Aug-15
100.3837,99.3799,100.3837,06-Aug-15
99.9411,98.9417,99.9411,07-Aug-15
99.7814,98.7836,99.7814,10-Aug-15
99.3913,98.3974,99.3913,11-Aug-15
98.0999,97.1189,98.0999,12-Aug-15
98.2063,97.2242,98.2063,13-Aug-15
99.2363,98.2439,99.2363,14-Aug-15
99.3459,98.3524,99.3459,17-Aug-15
99.675,98.6783,99.675,18-Aug-15
100.1863,99.1844,100.1863,19-Aug-15
99.3704,98.3767,99.3704,20-Aug-15
98.7142,97.7271,98.7142,21-Aug-15
94.6687,93.722,94.6687,24-Aug-15
95.4138,94.4597,95.4138,25-Aug-15
94.8319,93.8836,94.8319,26-Aug-15
96.2097,95.2476,96.2097,27-Aug-15
96.3543,95.3908,96.3543,28-Aug-15
96.2328,95.2705,96.2328,31-Aug-15
94.8863,93.9374,94.8863,01-Sep-15
94.5543,93.6088,94.5543,02-Sep-15
95.6407,94.6843,95.6407,03-Sep-15
94.3303,93.387,94.3303,04-Sep-15
93.1522,92.2207,93.1522,07-Sep-15
93.7164,92.7792,93.7164,08-Sep-15
94.7987,93.8507,94.7987,09-Sep-15
94.733,93.7857,94.733,10-Sep-15
94.8562,93.9076,94.8562,11-Sep-15
95.5792,94.6234,95.5792,14-Sep-15
95.3471,94.3936,95.3471,15-Sep-15
95.5122,94.5571,95.5122,16-Sep-15
96.0641,95.1035,96.0641,18-Sep-15
96.3031,95.3401,96.3031,21-Sep-15
95.2732,94.3205,95.2732,22-Sep-15
95.5764,94.6206,95.5764,23-Sep-15
95.6955,94.7385,95.6955,24-Sep-15
95.1525,94.201,95.1525,28-Sep-15
95.6679,94.7112,95.6679,29-Sep-15
96.3961,95.4321,96.3961,30-Sep-15
96.153,95.1915,96.153,01-Oct-15
97.0355,96.0651,97.0355,05-Oct-15
97.2824,96.3096,97.2824,06-Oct-15
97.4949,96.52,97.4949,07-Oct-15
97.4406,96.4662,97.4406,08-Oct-15
97.4238,96.4496,97.4238,09-Oct-15
97.0542,96.0837,97.0542,12-Oct-15
97.0014,96.0314,97.0014,13-Oct-15
96.9332,95.9639,96.9332,14-Oct-15
97.5765,96.6007,97.5765,15-Oct-15
97.7218,96.7446,97.7218,16-Oct-15
98.2409,97.2585,98.2409,19-Oct-15
98.661,97.6744,98.661,20-Oct-15
98.5066,97.5215,98.5066,21-Oct-15
98.7927,97.8048,98.7927,23-Oct-15
98.916,97.9268,98.916,26-Oct-15
99.025,98.0348,99.025,27-Oct-15
98.6732,97.6865,98.6732,28-Oct-15
98.0638,97.0832,98.0638,29-Oct-15
98.0734,97.0927,98.0734,30-Oct-15
97.8571,96.8785,97.8571,02-Nov-15
98.1954,97.2134,98.1954,03-Nov-15
98.2271,97.2448,98.2271,04-Nov-15
97.3858,96.4119,97.3858,05-Nov-15
97.0181,96.0479,97.0181,06-Nov-15
97.3223,96.3491,97.3223,09-Nov-15
96.5879,95.622,96.5879,10-Nov-15
97.0578,96.0872,97.0578,13-Nov-15
97.0095,96.0394,97.0095,16-Nov-15
97.4602,96.4856,97.4602,17-Nov-15
96.9108,95.9417,96.9108,18-Nov-15
97.7391,96.7617,97.7391,19-Nov-15
97.99,97.0101,97.99,20-Nov-15
97.9268,96.9475,97.9268,23-Nov-15
97.6507,96.6742,97.6507,24-Nov-15
97.5981,96.6221,97.5981,26-Nov-15
98.2419,97.2595,98.2419,27-Nov-15
98.4728,97.4881,98.4728,30-Nov-15
98.4732,97.4885,98.4732,01-Dec-15
98.1054,97.1243,98.1054,02-Dec-15
97.7826,96.8048,97.7826,03-Dec-15
97.5006,96.5256,97.5006,04-Dec-15
97.3264,96.3531,97.3264,07-Dec-15
96.8633,95.8947,96.8633,08-Dec-15
95.9643,95.0047,95.9643,09-Dec-15
96.3626,95.399,96.3626,10-Dec-15
96.0251,95.0648,96.0251,11-Dec-15
96.1275,95.1662,96.1275,14-Dec-15
96.6102,95.6441,96.6102,15-Dec-15
96.9833,96.0135,96.9833,16-Dec-15
97.7705,96.7928,97.7705,17-Dec-15
97.4633,96.4887,97.4633,18-Dec-15
97.6507,96.6742,97.6507,21-Dec-15
97.5514,96.5759,97.5514,22-Dec-15
98.2525,97.27,98.2525,23-Dec-15
98.4009,97.4169,98.4009,24-Dec-15
98.8213,97.8331,98.8213,28-Dec-15
98.9209,97.9317,98.9209,29-Dec-15
98.7733,97.7856,98.7733,30-Dec-15
99.1685,98.1768,99.1685,31-Dec-15
99.6143,98.6182,99.6143,01-Jan-16
98.512,97.5269,98.512,04-Jan-16
98.4623,97.4777,98.4623,05-Jan-16
98.5628,97.5772,98.5628,06-Jan-16
97.4148,96.4407,97.4148,07-Jan-16
98.0476,97.0671,98.0476,08-Jan-16
97.6423,96.6659,97.6423,11-Jan-16
97.1002,96.1292,97.1002,12-Jan-16
96.8027,95.8347,96.8027,13-Jan-16
96.3586,95.395,96.3586,14-Jan-16
95.0237,94.0735,95.0237,15-Jan-16
93.4121,92.478,93.4121,18-Jan-16
94.25,93.3075,94.25,19-Jan-16
93.3585,92.4249,93.3585,20-Jan-16
93.5005,92.5655,93.5005,21-Jan-16
94.5186,93.5734,94.5186,22-Jan-16
94.8469,93.8984,94.8469,25-Jan-16
94.9252,93.9759,94.9252,27-Jan-16
94.871,93.9223,94.871,28-Jan-16
95.5566,94.601,95.5566,29-Jan-16
95.5917,94.6358,95.5917,01-Feb-16
94.8744,93.9257,94.8744,02-Feb-16
94.2372,93.2948,94.2372,03-Feb-16
94.4497,93.5052,94.4497,04-Feb-16
95.104,94.153,95.104,05-Feb-16
95.1276,94.1763,95.1276,08-Feb-16
94.11,93.1689,94.11,09-Feb-16
93.3371,92.4037,93.3371,10-Feb-16
91.1643,90.2527,91.1643,11-Feb-16
90.8202,89.912,90.8202,12-Feb-16
92.3436,91.4202,92.3436,15-Feb-16
91.447,90.5325,91.447,16-Feb-16
91.722,90.8048,91.722,17-Feb-16
92.2621,91.3395,92.2621,18-Feb-16
92.221,91.2988,92.221,19-Feb-16
92.0669,91.1462,92.0669,22-Feb-16
91.1825,90.2707,91.1825,23-Feb-16
90.4844,89.5796,90.4844,24-Feb-16
90.0403,89.1399,90.0403,25-Feb-16
90.327,89.4237,90.327,26-Feb-16
90.2742,89.3715,90.2742,29-Feb-16
91.8243,90.9061,91.8243,01-Mar-16
93.2197,92.2875,93.2197,02-Mar-16
93.9815,93.0417,93.9815,03-Mar-16
94.2269,93.2846,94.2269,04-Mar-16
93.8822,92.9434,93.8822,08-Mar-16
94.0158,93.0756,94.0158,09-Mar-16
93.7436,92.8062,93.7436,10-Mar-16
93.8749,92.9362,93.8749,11-Mar-16
94.2594,93.3168,94.2594,14-Mar-16
94.055,93.1145,94.055,15-Mar-16
94.3251,93.3818,94.3251,16-Mar-16
94.7948,93.8469,94.7948,17-Mar-16
95.3876,94.4337,95.3876,18-Mar-16
95.9467,94.9872,95.9467,21-Mar-16
95.9649,95.0053,95.9649,22-Mar-16
96.2437,95.2813,96.2437,23-Mar-16
95.4503,94.4958,95.4503,28-Mar-16
95.7368,94.7794,95.7368,29-Mar-16
97.0244,96.0542,97.0244,30-Mar-16
97.1687,96.197,97.1687,31-Mar-16
97.273,96.3003,97.273,01-Apr-16
98.0361,97.0557,98.0361,04-Apr-16
96.738,95.7706,96.738,05-Apr-16
96.8711,95.9024,96.8711,06-Apr-16
96.538,95.5726,96.538,07-Apr-16
96.8968,95.9278,96.8968,08-Apr-16
97.5243,96.5491,97.5243,11-Apr-16
98.017,97.0368,98.017,12-Apr-16
98.7614,97.7738,98.7614,13-Apr-16
99.1891,98.1972,99.1891,18-Apr-16
99.3484,98.3549,99.3484,20-Apr-16
99.2289,98.2366,99.2289,21-Apr-16
99.2881,98.2952,99.2881,22-Apr-16
99.0763,98.0855,99.0763,25-Apr-16
99.4744,98.4797,99.4744,26-Apr-16
99.4574,98.4628,99.4574,27-Apr-16
98.7133,97.7262,98.7133,28-Apr-16
98.7884,97.8005,98.7884,29-Apr-16
98.6556,97.669,98.6556,02-May-16
98.3464,97.3629,98.3464,03-May-16
97.815,96.8369,97.815,04-May-16
97.7736,96.7959,97.7736,05-May-16
97.578,96.6022,97.578,06-May-16
98.5456,97.5601,98.5456,09-May-16
98.7307,97.7434,98.7307,10-May-16
98.4785,97.4937,98.4785,11-May-16
99.2815,98.2887,99.2815,12-May-16
99.0657,98.075,99.0657,13-May-16
99.0486,98.0581,99.0486,16-May-16
99.0306,98.0403,99.0306,17-May-16
98.8512,97.8627,98.8512,18-May-16
98.3027,97.3197,98.3027,19-May-16
98.0225,97.0423,98.0225,20-May-16
97.9694,96.9897,97.9694,23-May-16
97.9486,96.9691,97.9486,24-May-16
98.8377,97.8493,98.8377,25-May-16
99.6556,98.659,99.6556,26-May-16
100.1422,99.1408,100.1422,27-May-16
100.4434,99.439,100.4434,30-May-16
100.5661,99.5604,100.5661,31-May-16
100.6528,99.6463,100.6528,01-Jun-16
101.1669,100.1552,101.1669,02-Jun-16
101.4475,100.433,101.4475,03-Jun-16
101.6207,100.6045,101.6207,06-Jun-16
102.2477,101.2252,102.2477,07-Jun-16
102.4276,101.4033,102.4276,08-Jun-16
102.2948,101.2719,102.2948,09-Jun-16
101.9374,100.918,101.9374,10-Jun-16
101.5238,100.5086,101.5238,13-Jun-16
101.5943,100.5784,101.5943,14-Jun-16
102.3945,101.3706,102.3945,15-Jun-16
102.1026,101.0816,102.1026,16-Jun-16
102.1566,101.135,102.1566,17-Jun-16
102.4168,101.3926,102.4168,20-Jun-16
102.1555,101.1339,102.1555,21-Jun-16
101.9878,100.9679,101.9878,22-Jun-16
102.3215,101.2983,102.3215,23-Jun-16
101.1365,100.1251,101.1365,24-Jun-16
101.2632,100.2506,101.2632,27-Jun-16
101.5112,100.4961,101.5112,28-Jun-16
102.4555,101.4309,102.4555,29-Jun-16
102.9695,101.9398,102.9695,30-Jun-16
103.5465,102.511,103.5465,01-Jul-16
104.1731,103.1314,104.1731,04-Jul-16
104.0463,103.0058,104.0463,05-Jul-16
103.8175,102.7793,103.8175,07-Jul-16
103.5503,102.5148,103.5503,08-Jul-16
104.6289,103.5826,104.6289,11-Jul-16
104.7431,103.6957,104.7431,12-Jul-16
104.8124,103.7643,104.8124,13-Jul-16
105.2331,104.1808,105.2331,14-Jul-16
104.5102,103.4651,104.5102,15-Jul-16
104.512,103.4669,104.512,18-Jul-16
104.5749,103.5292,104.5749,19-Jul-16
105.1132,104.0621,105.1132,20-Jul-16
105.0384,103.988,105.0384,21-Jul-16
105.584,104.5282,105.584,22-Jul-16
106.21,105.1479,106.21,25-Jul-16
106.081,105.0202,106.081,26-Jul-16
106.4313,105.367,106.4313,27-Jul-16
107.021,105.9508,107.021,28-Jul-16
107.0157,105.9455,107.0157,29-Jul-16
107.3767,106.3029,107.3767,01-Aug-16
106.8831,105.8143,106.8831,02-Aug-16
105.9899,104.93,105.9899,03-Aug-16
105.9507,104.8912,105.9507,04-Aug-16
107.0999,106.0289,107.0999,05-Aug-16
107.4619,106.3873,107.4619,08-Aug-16
107.6054,106.5293,107.6054,09-Aug-16
106.7039,105.6369,106.7039,10-Aug-16
106.5993,105.5333,106.5993,11-Aug-16
106.8466,105.7781,106.8466,12-Aug-16
107.2087,106.1366,107.2087,16-Aug-16
107.2146,106.1425,107.2146,17-Aug-16
107.5406,106.4652,107.5406,18-Aug-16
107.8066,106.7285,107.8066,19-Aug-16
107.3182,106.245,107.3182,22-Aug-16
107.173,106.1013,107.173,23-Aug-16
107.6232,106.547,107.6232,24-Aug-16
107.3561,106.2825,107.3561,25-Aug-16
107.2781,106.2053,107.2781,26-Aug-16
107.2151,106.1429,107.2151,29-Aug-16
108.1231,107.0419,108.1231,30-Aug-16
108.6002,107.5142,108.6002,31-Aug-16
108.2678,107.1851,108.2678,01-Sep-16
108.6847,107.5979,108.6847,02-Sep-16
109.3488,108.2553,109.3488,06-Sep-16
109.3732,108.2795,109.3732,07-Sep-16
109.5665,108.4708,109.5665,08-Sep-16
109.1153,108.0241,109.1153,09-Sep-16
108.052,106.9715,108.052,12-Sep-16
108.2755,107.1927,108.2755,14-Sep-16
108.4721,107.3874,108.4721,15-Sep-16
109.0467,107.9562,109.0467,16-Sep-16
109.3082,108.2151,109.3082,19-Sep-16
108.9069,107.8178,108.9069,20-Sep-16
109.0739,107.9832,109.0739,21-Sep-16
109.9187,108.8195,109.9187,22-Sep-16
109.9921,108.8922,109.9921,23-Sep-16
109.6494,108.5529,109.6494,26-Sep-16
109.5025,108.4075,109.5025,27-Sep-16
109.6482,108.5517,109.6482,28-Sep-16
107.6785,106.6017,107.6785,29-Sep-16
108.506,107.4209,108.506,30-Sep-16
109.7382,108.6408,109.7382,03-Oct-16
110.2245,109.1223,110.2245,04-Oct-16
110.5294,109.4241,110.5294,05-Oct-16
110.4581,109.3535,110.4581,06-Oct-16
110.2802,109.1774,110.2802,07-Oct-16
110.5704,109.4647,110.5704,10-Oct-16
109.6581,108.5615,109.6581,13-Oct-16
110.0666,108.9659,110.0666,14-Oct-16
109.4279,108.3336,109.4279,17-Oct-16
110.798,109.69,110.798,18-Oct-16
110.8358,109.7274,110.8358,19-Oct-16
111.3654,110.2517,111.3654,20-Oct-16
112.0392,110.9188,112.0392,21-Oct-16
112.0676,110.9469,112.0676,24-Oct-16
112.0116,110.8915,112.0116,25-Oct-16
111.5103,110.3952,111.5103,26-Oct-16
111.1033,109.9923,111.1033,27-Oct-16
111.5947,110.4788,111.5947,28-Oct-16
111.8805,110.7617,111.8805,01-Nov-16
110.787,109.6791,110.787,02-Nov-16
109.8744,108.7757,109.8744,03-Nov-16
108.808,107.7199,108.808,04-Nov-16
109.323,108.2298,109.323,07-Nov-16
109.6586,108.562,109.6586,08-Nov-16
108.966,107.8763,108.966,09-Nov-16
110.1985,109.0965,110.1985,10-Nov-16
108.4145,107.3304,108.4145,11-Nov-16
106.4277,105.3634,106.4277,15-Nov-16
106.5981,105.5321,106.5981,16-Nov-16
106.2766,105.2138,106.2766,17-Nov-16
106.1495,105.088,106.1495,18-Nov-16
104.8216,103.7734,104.8216,21-Nov-16
105.6068,104.5507,105.6068,22-Nov-16
105.9091,104.85,105.9091,23-Nov-16
105.5108,104.4557,105.5108,24-Nov-16
106.6866,105.6197,106.6866,25-Nov-16
106.8553,105.7867,106.8553,28-Nov-16
106.948,105.8785,106.948,29-Nov-16
107.8206,106.7424,107.8206,30-Nov-16
107.1087,106.0376,107.1087,01-Dec-16
106.0895,105.0286,106.0895,02-Dec-16
106.3323,105.269,106.3323,05-Dec-16
106.5068,105.4417,106.5068,06-Dec-16
105.8262,104.7679,105.8262,07-Dec-16
106.8882,105.8193,106.8882,08-Dec-16
106.8371,105.7687,106.8371,09-Dec-16
106.1689,105.1072,106.1689,12-Dec-16
106.2712,105.2085,106.2712,13-Dec-16
105.973,104.9133,105.973,14-Dec-16
105.7888,104.7309,105.7888,15-Dec-16
105.8268,104.7685,105.8268,16-Dec-16
105.4385,104.3841,105.4385,19-Dec-16
104.8212,103.773,104.8212,20-Dec-16
104.6232,103.577,104.6232,21-Dec-16
103.582,102.5462,103.582,22-Dec-16
102.7039,101.6769,102.7039,23-Dec-16
101.6429,100.6265,101.6429,26-Dec-16
102.531,101.5057,102.531,27-Dec-16
103.0438,102.0134,103.0438,28-Dec-16
103.5831,102.5473,103.5831,29-Dec-16
104.1446,103.1032,104.1446,30-Dec-16
104.4053,103.3612,104.4053,02-Jan-17
104.4104,103.3663,104.4104,03-Jan-17
104.3668,103.3231,104.3668,04-Jan-17
104.9017,103.8527,104.9017,05-Jan-17
104.7852,103.7373,104.7852,06-Jan-17
104.9034,103.8544,104.9034,09-Jan-17
105.4924,104.4375,105.4924,10-Jan-17
106.1075,105.0464,106.1075,11-Jan-17
106.3158,105.2526,106.3158,12-Jan-17
106.1365,105.0751,106.1365,13-Jan-17
106.3277,105.2644,106.3277,16-Jan-17
106.5183,105.4531,106.5183,17-Jan-17
106.9893,105.9194,106.9893,18-Jan-17
107.1754,106.1036,107.1754,19-Jan-17
106.3921,105.3282,106.3921,20-Jan-17
106.6865,105.6196,106.6865,23-Jan-17
107.4022,106.3282,107.4022,24-Jan-17
108.3474,107.2639,108.3474,25-Jan-17
108.838,107.7496,108.838,27-Jan-17
108.6965,107.6095,108.6965,30-Jan-17
108.1944,107.1125,108.1944,31-Jan-17
109.1428,108.0514,109.1428,01-Feb-17
109.5389,108.4435,109.5389,02-Feb-17
109.9307,108.8314,109.9307,03-Feb-17
110.3564,109.2528,110.3564,06-Feb-17
110.0927,108.9918,110.0927,07-Feb-17
109.6877,108.5908,109.6877,08-Feb-17
109.6027,108.5067,109.6027,09-Feb-17
109.8691,108.7704,109.8691,10-Feb-17
109.6144,108.5183,109.6144,13-Feb-17
109.3948,108.3009,109.3948,14-Feb-17
108.8486,107.7601,108.8486,15-Feb-17
109.6529,108.5564,109.6529,16-Feb-17
110.0588,108.9582,110.0588,17-Feb-17
110.4122,109.3081,110.4122,20-Feb-17
110.667,109.5603,110.667,21-Feb-17
110.3646,109.261,110.3646,22-Feb-17
110.5466,109.4411,110.5466,23-Feb-17
110.4814,109.3766,110.4814,27-Feb-17
110.5134,109.4083,110.5134,28-Feb-17
110.9765,109.8667,110.9765,01-Mar-17
110.2331,109.1308,110.2331,02-Mar-17
110.2112,109.1091,110.2112,03-Mar-17
110.3554,109.2518,110.3554,06-Mar-17
110.2384,109.136,110.2384,07-Mar-17
110.2375,109.1351,110.2375,08-Mar-17
110.1998,109.0978,110.1998,09-Mar-17
110.2886,109.1857,110.2886,10-Mar-17
111.0749,109.9642,111.0749,14-Mar-17
111.3704,110.2567,111.3704,15-Mar-17
112.105,110.984,112.105,16-Mar-17
111.8877,110.7688,111.8877,17-Mar-17
112.02,110.8998,112.02,20-Mar-17
111.3305,110.2172,111.3305,21-Mar-17
110.7437,109.6363,110.7437,22-Mar-17
111.1417,110.0303,111.1417,23-Mar-17
111.4386,110.3242,111.4386,24-Mar-17
111.3104,110.1973,111.3104,27-Mar-17
111.5934,110.4775,111.5934,28-Mar-17
112.4501,111.3256,112.4501,29-Mar-17
113.007,111.8769,113.007,30-Mar-17
113.3447,112.2113,113.3447,31-Mar-17
113.5827,112.4469,113.5827,03-Apr-17
114.1905,113.0486,114.1905,05-Apr-17
114.1668,113.0251,114.1668,06-Apr-17
113.8107,112.6726,113.8107,07-Apr-17
114.142,113.0006,114.142,10-Apr-17
114.6636,113.517,114.6636,11-Apr-17
114.3825,113.2387,114.3825,12-Apr-17
114.0576,112.917,114.0576,13-Apr-17
113.8578,112.7192,113.8578,17-Apr-17
113.6962,112.5592,113.6962,18-Apr-17
113.764,112.6264,113.764,19-Apr-17
114.1478,113.0063,114.1478,20-Apr-17
114.0574,112.9168,114.0574,21-Apr-17
114.6032,113.4572,114.6032,24-Apr-17
115.1328,113.9815,115.1328,25-Apr-17
114.78,113.6322,114.78,26-Apr-17
114.861,113.7124,114.861,27-Apr-17
114.7822,113.6344,114.7822,28-Apr-17
114.5693,113.4236,114.5693,02-May-17
114.6517,113.5052,114.6517,03-May-17
115.1715,114.0198,115.1715,04-May-17
114.7193,113.5721,114.7193,05-May-17
115.2839,114.1311,115.2839,08-May-17
115.469,114.3143,115.469,09-May-17
116.2231,115.0609,116.2231,10-May-17
116.2626,115.1,116.2626,11-May-17
116.1464,114.9849,116.1464,12-May-17
116.6228,115.4566,116.6228,15-May-17
116.975,115.8053,116.975,16-May-17
116.9833,115.8135,116.9833,17-May-17
116.2168,115.0546,116.2168,18-May-17
115.8319,114.6736,115.8319,19-May-17
115.1655,114.0138,115.1655,22-May-17
114.3036,113.1606,114.3036,23-May-17
113.6258,112.4895,113.6258,24-May-17
114.8649,113.7163,114.8649,25-May-17
115.6056,114.4495,115.6056,26-May-17
115.1083,113.9572,115.1083,29-May-17
115.8348,114.6765,115.8348,30-May-17
116.3993,115.2353,116.3993,31-May-17
116.5913,115.4254,116.5913,01-Jun-17
117.1143,115.9432,117.1143,02-Jun-17
117.2997,116.1267,117.2997,05-Jun-17
117.5317,116.3564,117.5317,06-Jun-17
118.079,116.8982,118.079,07-Jun-17
118.1888,117.0069,118.1888,08-Jun-17
118.5907,117.4048,118.5907,09-Jun-17
118.3063,117.1232,118.3063,12-Jun-17
118.21,117.0279,118.21,13-Jun-17
118.3294,117.1461,118.3294,14-Jun-17
118.3299,117.1466,118.3299,15-Jun-17
118.3785,117.1947,118.3785,16-Jun-17
118.7331,117.5458,118.7331,19-Jun-17
118.9434,117.754,118.9434,20-Jun-17
119.0843,117.8935,119.0843,21-Jun-17
119.1336,117.9423,119.1336,22-Jun-17
118.6127,117.4266,118.6127,23-Jun-17
117.8322,116.6539,117.8322,27-Jun-17
117.7894,116.6115,117.7894,28-Jun-17
118.0129,116.8328,118.0129,29-Jun-17
118.4045,117.2205,118.4045,30-Jun-17
118.8005,117.6125,118.8005,03-Jul-17
118.7058,117.5187,118.7058,04-Jul-17
119.1267,117.9354,119.1267,05-Jul-17
119.5844,118.3886,119.5844,06-Jul-17
119.8004,118.6024,119.8004,07-Jul-17
120.8714,119.6627,120.8714,10-Jul-17
120.6269,119.4206,120.6269,11-Jul-17
121.3425,120.1291,121.3425,12-Jul-17
122.3362,121.1128,122.3362,13-Jul-17
122.1502,120.9287,122.1502,14-Jul-17
122.3743,121.1506,122.3743,17-Jul-17
122.0532,120.8327,122.0532,18-Jul-17
122.8624,121.6338,122.8624,19-Jul-17
122.6237,121.3975,122.6237,20-Jul-17
122.7866,121.5587,122.7866,21-Jul-17
122.8433,121.6149,122.8433,24-Jul-17
122.7963,121.5683,122.7963,25-Jul-17
123.1583,121.9267,123.1583,26-Jul-17
123.1296,121.8983,123.1296,27-Jul-17
123.234,122.0017,123.234,28-Jul-17
124.0272,122.7869,124.0272,31-Jul-17
123.9707,122.731,123.9707,01-Aug-17
123.7104,122.4733,123.7104,02-Aug-17
123.1532,121.9217,123.1532,03-Aug-17
123.4995,122.2645,123.4995,04-Aug-17
124.176,122.9342,124.176,07-Aug-17
123.5768,122.341,123.5768,08-Aug-17
122.2608,121.0382,122.2608,09-Aug-17
120.8333,119.625,120.8333,10-Aug-17
120.2657,119.063,120.2657,11-Aug-17
121.0384,119.828,121.0384,14-Aug-17
121.9918,120.7719,121.9918,16-Aug-17
121.8584,120.6398,121.8584,17-Aug-17
121.6633,120.4467,121.6633,18-Aug-17
120.9678,119.7581,120.9678,21-Aug-17
121.0698,119.8591,121.0698,22-Aug-17
121.9638,120.7442,121.9638,23-Aug-17
122.2489,121.0264,122.2489,24-Aug-17
122.7075,121.4804,122.7075,28-Aug-17
121.9997,120.7797,121.9997,29-Aug-17
122.7037,121.4767,122.7037,30-Aug-17
123.0623,121.8317,123.0623,31-Aug-17
123.4156,122.1814,123.4156,01-Sep-17
122.9588,121.7292,122.9588,04-Sep-17
123.3691,122.1354,123.3691,05-Sep-17
123.2387,122.0063,123.2387,06-Sep-17
123.402,122.168,123.402,07-Sep-17
123.5324,122.2971,123.5324,08-Sep-17
123.7245,122.4873,123.7245,11-Sep-17
124.6615,123.4149,124.6615,12-Sep-17
124.6397,123.3933,124.6397,13-Sep-17
125.1059,123.8548,125.1059,14-Sep-17
125.2574,124.0048,125.2574,15-Sep-17
125.6225,124.3663,125.6225,18-Sep-17
125.6363,124.3799,125.6363,19-Sep-17
125.771,124.5133,125.771,20-Sep-17
125.7167,124.4595,125.7167,21-Sep-17
124.2407,122.9983,124.2407,22-Sep-17
123.0987,121.8677,123.0987,25-Sep-17
123.3952,122.1612,123.3952,26-Sep-17
122.1013,120.8803,122.1013,27-Sep-17
122.4534,121.2289,122.4534,28-Sep-17
122.9601,121.7305,122.9601,29-Sep-17
123.4627,122.2281,123.4627,03-Oct-17
123.7899,122.552,123.7899,04-Oct-17
123.9285,122.6892,123.9285,05-Oct-17
124.583,123.3372,124.583,06-Oct-17
124.7288,123.4815,124.7288,09-Oct-17
125.1457,123.8942,125.1457,10-Oct-17
124.9778,123.728,124.9778,11-Oct-17
125.5467,124.2912,125.5467,12-Oct-17
126.5129,125.2478,126.5129,13-Oct-17
127.0129,125.7428,127.0129,16-Oct-17
127.0109,125.7408,127.0109,17-Oct-17
126.9288,125.6595,126.9288,18-Oct-17
127.1528,125.8813,127.1528,23-Oct-17
127.2523,125.9798,127.2523,24-Oct-17
128.664,127.3774,128.664,25-Oct-17
128.6321,127.3458,128.6321,26-Oct-17
128.597,127.311,128.597,27-Oct-17
129.3246,128.0314,129.3246,30-Oct-17
129.4461,128.1516,129.4461,31-Oct-17
130.8183,129.5101,130.8183,01-Nov-17
131.7736,130.4559,131.7736,02-Nov-17
132.1182,130.797,132.1182,03-Nov-17
132.1536,130.8321,132.1536,06-Nov-17
130.8837,129.5749,130.8837,07-Nov-17
129.8107,128.5126,129.8107,08-Nov-17
130.679,129.3722,130.679,09-Nov-17
130.7267,129.4194,130.7267,10-Nov-17
130.1936,128.8917,130.1936,13-Nov-17
130.0319,128.7316,130.0319,14-Nov-17
129.1172,127.826,129.1172,15-Nov-17
130.1254,128.8241,130.1254,16-Nov-17
131.0119,129.7018,131.0119,17-Nov-17
131.578,130.2622,131.578,20-Nov-17
131.7672,130.4495,131.7672,21-Nov-17
131.6223,130.3061,131.6223,22-Nov-17
131.6918,130.3749,131.6918,23-Nov-17
131.8665,130.5478,131.8665,24-Nov-17
131.9874,130.6675,131.9874,27-Nov-17
132.1196,130.7984,132.1196,28-Nov-17
132.3932,131.0693,132.3932,29-Nov-17
131.6037,130.2877,131.6037,30-Nov-17
131.0894,129.7785,131.0894,01-Dec-17
130.8352,129.5268,130.8352,04-Dec-17
130.8109,129.5028,130.8109,05-Dec-17
130.124,128.8228,130.124,06-Dec-17
131.1379,129.8265,131.1379,07-Dec-17
132.1184,130.7972,132.1184,08-Dec-17
132.3,130.977,132.3,11-Dec-17
131.8535,130.535,131.8535,12-Dec-17
131.0878,129.7769,131.0878,13-Dec-17
131.206,129.8939,131.206,14-Dec-17
131.7969,130.4789,131.7969,15-Dec-17
132.3196,130.9964,132.3196,18-Dec-17
133.0382,131.7078,133.0382,19-Dec-17
133.0895,131.7586,133.0895,20-Dec-17
133.2143,131.8822,133.2143,21-Dec-17
133.8517,132.5132,133.8517,22-Dec-17
134.2193,132.8771,134.2193,26-Dec-17
134.1899,132.848,134.1899,27-Dec-17
133.9151,132.5759,133.9151,28-Dec-17
134.3917,133.0478,134.3917,29-Dec-17
133.9035,132.5645,133.9035,01-Jan-18
133.4862,132.1513,133.4862,02-Jan-18
133.9926,132.6527,133.9926,03-Jan-18
134.6975,133.3505,134.6975,04-Jan-18
135.36,134.0064,135.36,05-Jan-18
135.4795,134.1247,135.4795,08-Jan-18
135.1926,133.8407,135.1926,09-Jan-18
135.1648,133.8132,135.1648,10-Jan-18
135.4617,134.1071,135.4617,11-Jan-18
135.6016,134.2456,135.6016,12-Jan-18
135.6479,134.2914,135.6479,15-Jan-18
134.9901,133.6402,134.9901,16-Jan-18
135.9317,134.5724,135.9317,17-Jan-18
135.5696,134.2139,135.5696,18-Jan-18
136.919,135.5498,136.919,19-Jan-18
136.8601,135.4915,136.8601,22-Jan-18
137.3334,135.9601,137.3334,23-Jan-18
137.0899,135.719,137.0899,24-Jan-18
136.6242,135.258,136.6242,25-Jan-18
136.2032,134.8412,136.2032,29-Jan-18
135.6186,134.2624,135.6186,30-Jan-18
135.2149,133.8628,135.2149,31-Jan-18
134.6013,133.2553,134.6013,01-Feb-18
132.4308,131.1065,132.4308,02-Feb-18
131.8794,130.5606,131.8794,05-Feb-18
130.4479,129.1434,130.4479,06-Feb-18
130.6857,129.3788,130.6857,07-Feb-18
131.9782,130.6584,131.9782,08-Feb-18
131.4313,130.117,131.4313,09-Feb-18
131.8002,130.4822,131.8002,12-Feb-18
131.616,130.2998,131.616,14-Feb-18
131.4593,130.1447,131.4593,15-Feb-18
130.6886,129.3817,130.6886,16-Feb-18
130.1459,128.8444,130.1459,19-Feb-18
129.8905,128.5916,129.8905,20-Feb-18
130.1526,128.8511,130.1526,21-Feb-18
129.9817,128.6819,129.9817,22-Feb-18
131.1495,129.838,131.1495,23-Feb-18
131.644,130.3276,131.644,26-Feb-18
131.4701,130.1554,131.4701,27-Feb-18
131.1304,129.8191,131.1304,28-Feb-18
130.7383,129.4309,130.7383,01-Mar-18
